2.0/edserver/login	1409b0d70	FUN_1409b0d70	4144
2.0/edserver/provingGround/disconnected	1427755c0	FUN_1427755c0	2509
2.0/edserver/resources/dailydigest_part	1439544c0	FUN_1439544c0	213
2.0/elite/	1411824e0	FUN_1411824e0	3361
2.0/elite/asteroid/list	142014e20	FUN_142014e20	1836
2.0/elite/asteroid/mine	142014e20	FUN_142014e20	1836
2.0/elite/bodysite/state	1423887a0	FUN_1423887a0	577
2.0/elite/cargo/eject	142e2f800	FUN_142e2f800	1802
2.0/elite/cargo/eject	143091500	FUN_143091500	3401
2.0/elite/cargo/eject	1433b87a0	FUN_1433b87a0	1813
2.0/elite/cargo/refinery/convert	1421b0ce0	FUN_1421b0ce0	138
2.0/elite/cargo/refinery/process	1421b0e00	FUN_1421b0e00	138
2.0/elite/cargo/refinery/process	1430e6cc0	FUN_1430e6cc0	3129
2.0/elite/cargo/refinery/vent	1421b0d70	FUN_1421b0d70	138
2.0/elite/cargo/transfer	1421b0e90	FUN_1421b0e90	138
2.0/elite/cargo/transfer	142e29b40	FUN_142e29b40	1883
2.0/elite/codex/archive	141105bc0	FUN_141105bc0	1896
2.0/elite/codex/discovery/discover	141105bc0	FUN_141105bc0	1896
2.0/elite/codex/discovery/summary	141105bc0	FUN_141105bc0	1896
2.0/elite/colonisation/claim/cancel	1411824e0	FUN_1411824e0	3361
2.0/elite/colonisation/claim/candidate_filters	1411824e0	FUN_1411824e0	3361
2.0/elite/colonisation/claim/claimsystem	1411824e0	FUN_1411824e0	3361
2.0/elite/colonisation/claim/deny_starsystems	141183210	FUN_141183210	1885
2.0/elite/colonisation/constructioneffort/contribute	1411824e0	FUN_1411824e0	3361
2.0/elite/colonisation/constructioneffort/getconstructionoptions	141186ae0	FUN_141186ae0	390
2.0/elite/colonisation/constructioneffort/initialconstructionoptions	1411855d0	FUN_1411855d0	326
2.0/elite/colonisation/constructioneffort/planetary/create	1411824e0	FUN_1411824e0	3361
2.0/elite/colonisation/constructioneffort/purchase	14477a600	FUN_14477a600	3105
2.0/elite/colonisation/constructioneffort/space/create	1411824e0	FUN_1411824e0	3361
2.0/elite/colonisation/constructioneffort/status	141184d50	FUN_141184d50	138
2.0/elite/colonisation/galaxydigest_claimed_part	14118ec00	FUN_14118ec00	213
2.0/elite/colonisation/galaxydigest_established_part	14118ea70	FUN_14118ea70	213
2.0/elite/colonisation/launchcolonisationbeacon	1411824e0	FUN_1411824e0	3361
2.0/elite/colonisation/management/architect/colonised_systems	141183210	FUN_141183210	1885
2.0/elite/colonisation/management/architect/market/demolish	1411925a0	FUN_1411925a0	375
2.0/elite/colonisation/management/architect/market/restore	14118ecf0	FUN_14118ecf0	375
2.0/elite/colonisation/rename/getbinomialoptions	141e81740	FUN_141e81740	1545
2.0/elite/colonisation/rename/renamemarket	1411824e0	FUN_1411824e0	3361
2.0/elite/colonisation/rename/renamemarket	1411824e0	FUN_1411824e0	3361
2.0/elite/colonisation/rename/renamemarket	141e81740	FUN_141e81740	1545
2.0/elite/colonisation/rename/renamerights	1411824e0	FUN_1411824e0	3361
2.0/elite/colonisation/resources/marketlink/weighting	141183210	FUN_141183210	1885
2.0/elite/colonisation/resources/optionsfulllist	141183210	FUN_141183210	1885
2.0/elite/colonisation/starsystem/constructioneffortmaterials	1411a8e30	FUN_1411a8e30	488
2.0/elite/colonisation/starsystem/info	14119dcf0	FUN_14119dcf0	459
2.0/elite/colonisation/starsystem/info	1411a62a0	FUN_1411a62a0	314
2.0/elite/commander/avatar	143d8b660	FUN_143d8b660	138
2.0/elite/commander/avatar	143dfdc00	FUN_143dfdc00	2964
2.0/elite/commander/avatar	143dfdc00	FUN_143dfdc00	2964
2.0/elite/commander/avatarslots	143dfdc00	FUN_143dfdc00	2964
2.0/elite/commander/cqcloadouts	14272b9b0	FUN_14272b9b0	664
2.0/elite/commander/cqcprestige	1427083d0	FUN_1427083d0	387
2.0/elite/commander/cqcstats	142536ba0	FUN_142536ba0	1155
2.0/elite/commander/cqcstats	1426ef550	FUN_1426ef550	138
2.0/elite/commander/create	1424c9d70	FUN_1424c9d70	2429
2.0/elite/commander/create	143e02db0	FUN_143e02db0	2114
2.0/elite/commander/death	142537b60	FUN_142537b60	2720
2.0/elite/commander/details	1432600d0	FUN_1432600d0	701
2.0/elite/commander/dlc	143dfdc00	FUN_143dfdc00	2964
2.0/elite/commander/dlc	14477d7c0	FUN_14477d7c0	138
2.0/elite/commander/escape	141af6e70	FUN_141af6e70	948
2.0/elite/commander/hyperspace	141be1560	FUN_141be1560	1030
2.0/elite/commander/indanger	142537b60	FUN_142537b60	2720
2.0/elite/commander/inventory/changeloadout	1425a9400	FUN_1425a9400	390
2.0/elite/commander/inventory/createloadout	1425a9590	FUN_1425a9590	538
2.0/elite/commander/inventory/deleteloadout	1425a97b0	FUN_1425a97b0	390
2.0/elite/commander/inventory/downloaddata	1418e4490	FUN_1418e4490	1242
2.0/elite/commander/inventory/modifyloadout	1425a9940	FUN_1425a9940	570
2.0/elite/commander/inventory/renameloadout	1425a9b80	FUN_1425a9b80	493
2.0/elite/commander/inventory/transferbackpack	1425355b0	FUN_1425355b0	3611
2.0/elite/commander/inventory/updatebackpack	1425355b0	FUN_1425355b0	3611
2.0/elite/commander/inventory/uploaddata	1418e4490	FUN_1418e4490	1242
2.0/elite/commander/login	1425321f0	FUN_1425321f0	1761
2.0/elite/commander/microresources/collect	1425355b0	FUN_1425355b0	3611
2.0/elite/commander/microresources/eject	1425355b0	FUN_1425355b0	3611
2.0/elite/commander/microresources/inventory	1425355b0	FUN_1425355b0	3611
2.0/elite/commander/movie	141cff7c0	FUN_141cff7c0	5341
2.0/elite/commander/pinned	1425bf550	FUN_1425bf550	813
2.0/elite/commander/presence	142708560	FUN_142708560	213
2.0/elite/commander/presence	14335a670	FUN_14335a670	837
2.0/elite/commander/reputation	142534600	FUN_142534600	2894
2.0/elite/commander/resettoorbit	141d34f70	FUN_141d34f70	328
2.0/elite/commander/resurrect	141d01c20	FUN_141d01c20	3183
2.0/elite/commander/resurrect	141d01c20	FUN_141d01c20	3183
2.0/elite/commander/savegame	141cfb6e0	FUN_141cfb6e0	465
2.0/elite/commander/savegame	141cfe1c0	FUN_141cfe1c0	138
2.0/elite/commander/savegame	1425bb540	FUN_1425bb540	1702
2.0/elite/commander/savegame	1425bb540	FUN_1425bb540	1702
2.0/elite/commander/scenariostate	142950410	FUN_142950410	669
2.0/elite/commander/scenariostate	1429736f0	FUN_1429736f0	411
2.0/elite/commander/settings	14318c090	FUN_14318c090	280
2.0/elite/commander/settings	143266490	FUN_143266490	509
2.0/elite/commander/settings	1432679e0	FUN_1432679e0	790
2.0/elite/commander/ship	141d01c20	FUN_141d01c20	3183
2.0/elite/commander/ship	141e89ac0	FUN_141e89ac0	4755
2.0/elite/commander/ship	1421fcf60	FUN_1421fcf60	138
2.0/elite/commander/ship	1425bb540	FUN_1425bb540	1702
2.0/elite/commander/ship	144786e80	FUN_144786e80	2302
2.0/elite/commander/ship/transfer	141e89ac0	FUN_141e89ac0	4755
2.0/elite/commander/ship/transfer	141e89ac0	FUN_141e89ac0	4755
2.0/elite/commander/starterpack	14335a9c0	FUN_14335a9c0	138
2.0/elite/commander/stats	142534330	FUN_142534330	700
2.0/elite/commander/storedmodules	141d01c20	FUN_141d01c20	3183
2.0/elite/commander/tradesystems	141dcfc40	FUN_141dcfc40	1163
2.0/elite/commander/tutorial	14335b740	FUN_14335b740	1860
2.0/elite/commander/tutorial	14335b740	FUN_14335b740	1860
2.0/elite/commander/tutorial/complete	14335b450	FUN_14335b450	138
2.0/elite/comms/join	141d9ee20	FUN_141d9ee20	5195
2.0/elite/comms/leave	141d600d0	FUN_141d600d0	288
2.0/elite/comms/login	140820580	FUN_140820580	138
2.0/elite/comms/login	1408208a0	FUN_1408208a0	1800
2.0/elite/comms/logout	1408208a0	FUN_1408208a0	1800
2.0/elite/cqc/lobby	1421d9180	FUN_1421d9180	1870
2.0/elite/cqc/matchmaking/cancel	1421d9180	FUN_1421d9180	1870
2.0/elite/cqc/matchmaking/enter	1421d9180	FUN_1421d9180	1870
2.0/elite/cqc/matchmaking/status	1421d9180	FUN_1421d9180	1870
2.0/elite/crafting/engineer	14122ea10	FUN_14122ea10	178
2.0/elite/crafting/engineer/convert	14122db50	FUN_14122db50	542
2.0/elite/crafting/engineer/convert	14122db50	FUN_14122db50	542
2.0/elite/crafting/engineer/craft	14122dd70	FUN_14122dd70	138
2.0/elite/crafting/engineer/list	14122ead0	FUN_14122ead0	652
2.0/elite/crafting/engineer/pin	14122e2c0	FUN_14122e2c0	1546
2.0/elite/crafting/engineer/pin	14122e2c0	FUN_14122e2c0	1546
2.0/elite/crafting/engineer/pin	14122f500	FUN_14122f500	613
2.0/elite/crafting/engineer/pin	14122f500	FUN_14122f500	613
2.0/elite/crafting/engineer/progression	142534600	FUN_142534600	2894
2.0/elite/crafting/engineer/remove	14122f770	FUN_14122f770	138
2.0/elite/crafting/quest/contribute	141e8ca00	FUN_141e8ca00	2418
2.0/elite/crafting/specials	14122e2c0	FUN_14122e2c0	1546
2.0/elite/crime/commit	1437775c0	FUN_1437775c0	375
2.0/elite/crime/handin	141dd5140	FUN_141dd5140	1868
2.0/elite/crime/module/clean	141ebe360	FUN_141ebe360	945
2.0/elite/crime/pay	141dd5140	FUN_141dd5140	1868
2.0/elite/crime/vessel/release	141e89ac0	FUN_141e89ac0	4755
2.0/elite/event	14099ed40	FUN_14099ed40	744
2.0/elite/fighter/death	1433d6c20	FUN_1433d6c20	3307
2.0/elite/fighter/death	1433dafd0	FUN_1433dafd0	642
2.0/elite/fighter/switch	1424e4fe0	FUN_1424e4fe0	7504
2.0/elite/fleetcarrier/crew/deactivate	14481d000	FUN_14481d000	394
2.0/elite/fleetcarrier/crew/enabled	144777da0	FUN_144777da0	138
2.0/elite/fleetcarrier/crew/jobspecifications	142533a00	FUN_142533a00	2338
2.0/elite/fleetcarrier/crew/jobspecifications	1447782e0	FUN_1447782e0	4360
2.0/elite/fleetcarrier/crew/replace	142547b00	FUN_142547b00	1924
2.0/elite/fleetcarrier/decommission	142533a00	FUN_142533a00	2338
2.0/elite/fleetcarrier/decommission	1447782e0	FUN_1447782e0	4360
2.0/elite/fleetcarrier/decommission/cancel	142533a00	FUN_142533a00	2338
2.0/elite/fleetcarrier/decommission/cancel	1447782e0	FUN_1447782e0	4360
2.0/elite/fleetcarrier/destination	142533a00	FUN_142533a00	2338
2.0/elite/fleetcarrier/destination/cancel	142533a00	FUN_142533a00	2338
2.0/elite/fleetcarrier/fuel/deposit	141e7fe60	FUN_141e7fe60	1195
2.0/elite/fleetcarrier/galaxymap	143ac5300	FUN_143ac5300	452
2.0/elite/fleetcarrier/info	14144bb80	FUN_14144bb80	624
2.0/elite/fleetcarrier/owner/banking	141d01c20	FUN_141d01c20	3183
2.0/elite/fleetcarrier/owner/banking	1447782e0	FUN_1447782e0	4360
2.0/elite/fleetcarrier/owner/bartenderprice	14476d800	FUN_14476d800	222
2.0/elite/fleetcarrier/owner/bartenderprice	144824cc0	FUN_144824cc0	1532
2.0/elite/fleetcarrier/owner/cargotransfer	142e29b40	FUN_142e29b40	1883
2.0/elite/fleetcarrier/owner/dockingaccess	1447782e0	FUN_1447782e0	4360
2.0/elite/fleetcarrier/owner/illegalconsumables	1447782e0	FUN_1447782e0	4360
2.0/elite/fleetcarrier/owner/livery	144785980	FUN_144785980	138
2.0/elite/fleetcarrier/owner/marketprice	14476d720	FUN_14476d720	222
2.0/elite/fleetcarrier/owner/marketprice	144824cc0	FUN_144824cc0	1532
2.0/elite/fleetcarrier/owner/packs/list	1447782e0	FUN_1447782e0	4360
2.0/elite/fleetcarrier/owner/packs/trade	1447782e0	FUN_1447782e0	4360
2.0/elite/fleetcarrier/owner/taxrate	1447782e0	FUN_1447782e0	4360
2.0/elite/fleetcarrier/owner/theme	1447782e0	FUN_1447782e0	4360
2.0/elite/fleetcarrier/owner/transferlocker	1425355b0	FUN_1425355b0	3611
2.0/elite/fleetcarrier/system	14143d850	FUN_14143d850	800
2.0/elite/fleetcarrier/systemmap	143ad2ef0	FUN_143ad2ef0	1916
2.0/elite/fleetcarrier/vendor/buy	141e81f50	FUN_141e81f50	1864
2.0/elite/fleetcarrier/vendor/list	141e81f50	FUN_141e81f50	1864
2.0/elite/fss/signals	141c0fc80	FUN_141c0fc80	3878
2.0/elite/fuel/set	142e32320	FUN_142e32320	994
2.0/elite/fuel/set	143806bc0	FUN_143806bc0	1149
2.0/elite/gamedump	140820610	FUN_140820610	645
2.0/elite/inbox	1425bab40	FUN_1425bab40	1278
2.0/elite/inbox	1425ee520	FUN_1425ee520	667
2.0/elite/inbox/redeem	1420a1e40	FUN_1420a1e40	476
2.0/elite/ingamestore	141ed9670	FUN_141ed9670	425
2.0/elite/ingamestore	142531290	FUN_142531290	1249
2.0/elite/initiative/commander/list	1425bb040	FUN_1425bb040	888
2.0/elite/initiative/list	141dd4190	FUN_141dd4190	1493
2.0/elite/initiative/list	1425bb040	FUN_1425bb040	888
2.0/elite/initiative/optin	141e84800	FUN_141e84800	6221
2.0/elite/initiative/optout	1418e79e0	FUN_1418e79e0	1313
2.0/elite/initiative/optout	142cdc060	FUN_142cdc060	6752
2.0/elite/initiative/redeem	141e84800	FUN_141e84800	6221
2.0/elite/initiative/research	141e88f20	FUN_141e88f20	1765
2.0/elite/journal	140821410	FUN_140821410	608
2.0/elite/market/list	141dd3b20	FUN_141dd3b20	1178
2.0/elite/market/list	141e826a0	FUN_141e826a0	138
2.0/elite/market/list	1438137d0	FUN_1438137d0	706
2.0/elite/market/list	1447782e0	FUN_1447782e0	4360
2.0/elite/market/trade	141dd3b20	FUN_141dd3b20	1178
2.0/elite/market/trade	141e835c0	FUN_141e835c0	138
2.0/elite/market/trade	1438137d0	FUN_1438137d0	706
2.0/elite/materialtrader/list	141fb1ce0	FUN_141fb1ce0	1452
2.0/elite/materialtrader/trade	141fb2290	FUN_141fb2290	138
2.0/elite/media/audio	140fe2600	FUN_140fe2600	734
2.0/elite/media/image	141d3beb0	FUN_141d3beb0	507
2.0/elite/mining/planetary/activedeposits	142043920	FUN_142043920	1094
2.0/elite/mining/planetary/checkdeposit	14201cff0	FUN_14201cff0	1069
2.0/elite/mining/planetary/extract	14202a560	FUN_14202a560	542
2.0/elite/mission/cargodepot/collect	1420b1c30	FUN_1420b1c30	1050
2.0/elite/mission/cargodepot/deliver	1420f8c50	FUN_1420f8c50	1050
2.0/elite/mission/cargodepot/state	142121d30	FUN_142121d30	604
2.0/elite/motherlode/list	141c0f0c0	FUN_141c0f0c0	1070
2.0/elite/motherlode/mine	141c0f0c0	FUN_141c0f0c0	1070
2.0/elite/multicrew/create	142160300	FUN_142160300	3165
2.0/elite/multicrew/info	142160300	FUN_142160300	3165
2.0/elite/multicrew/invite	142160300	FUN_142160300	3165
2.0/elite/multicrew/join	142160300	FUN_142160300	3165
2.0/elite/multicrew/kick	142160300	FUN_142160300	3165
2.0/elite/multicrew/launchable/dock	1424e4fe0	FUN_1424e4fe0	7504
2.0/elite/multicrew/launchable/launch	1424e4fe0	FUN_1424e4fe0	7504
2.0/elite/multicrew/launchable/switch	1424c6240	FUN_1424c6240	222
2.0/elite/multicrew/leave	142160270	FUN_142160270	138
2.0/elite/multicrew/matchmaking	142160300	FUN_142160300	3165
2.0/elite/multicrew/matchmaking/status	142160300	FUN_142160300	3165
2.0/elite/multicrew/permissions	142160300	FUN_142160300	3165
2.0/elite/multicrew/report	14215f6f0	FUN_14215f6f0	1596
2.0/elite/multicrew/report	143094ad0	FUN_143094ad0	1567
2.0/elite/multicrew/report/discard	14215f660	FUN_14215f660	138
2.0/elite/multicrew/report/redeem	14215f6f0	FUN_14215f6f0	1596
2.0/elite/multicrew/search	142160300	FUN_142160300	3165
2.0/elite/multicrew/status	142160300	FUN_142160300	3165
2.0/elite/news/global	141d33f90	FUN_141d33f90	429
2.0/elite/news/global	144100990	FUN_144100990	817
2.0/elite/npc/kill	14169f110	FUN_14169f110	1683
2.0/elite/npc/kill	142da8ff0	FUN_142da8ff0	4022
2.0/elite/npccrew/assign	1421e3d50	FUN_1421e3d50	1508
2.0/elite/npccrew/assign	14477bd70	FUN_14477bd70	2330
2.0/elite/npccrew/fire	14477bd70	FUN_14477bd70	2330
2.0/elite/npccrew/market/hire	14477bd70	FUN_14477bd70	2330
2.0/elite/npccrew/market/list	14477bd70	FUN_14477bd70	2330
2.0/elite/operations/active/resume	142201770	FUN_142201770	760
2.0/elite/operations/active/start	14222f890	FUN_14222f890	567
2.0/elite/operations/commander/info	14222f610	FUN_14222f610	514
2.0/elite/operations/lobbies/close	14222f460	FUN_14222f460	426
2.0/elite/operations/lobbies/create	1421f6f90	FUN_1421f6f90	486
2.0/elite/operations/lobbies/list	142230bd0	FUN_142230bd0	530
2.0/elite/operations/lobbies/ping	1422314d0	FUN_1422314d0	408
2.0/elite/operations/lobbies/subscribe	14222ffe0	FUN_14222ffe0	402
2.0/elite/operations/lobbies/unsubscribe	142230180	FUN_142230180	402
2.0/elite/operations/lobbies/update	1421f7180	FUN_1421f7180	501
2.0/elite/organic/analyse	1413aac90	FUN_1413aac90	1443
2.0/elite/organic/log	1413aac90	FUN_1413aac90	1443
2.0/elite/organic/sample	1413aac90	FUN_1413aac90	1443
2.0/elite/organic/trade/list	14138be70	FUN_14138be70	617
2.0/elite/organic/trade/sell	1413b3820	FUN_1413b3820	1941
2.0/elite/powerplay2/carrier/sabotage	14158bd40	FUN_14158bd40	601
2.0/elite/powerplay2/commander/assignments	142538d40	FUN_142538d40	138
2.0/elite/powerplay2/commander/assignments/progress	142538dd0	FUN_142538dd0	138
2.0/elite/powerplay2/commander/package/claim	1425355b0	FUN_1425355b0	3611
2.0/elite/powerplay2/commander/package/list	142538e60	FUN_142538e60	138
2.0/elite/powerplay2/galaxydigest_score_part	141400c10	FUN_141400c10	138
2.0/elite/powerplay2/galaxydigest_systemdata_part	141400ca0	FUN_141400ca0	138
2.0/elite/powerplay2/holoscreen/hack	140ae1a70	FUN_140ae1a70	2425
2.0/elite/powerplay2/leaderboard/commander	142538ef0	FUN_142538ef0	138
2.0/elite/powerplay2/megaship/scan	14158bfa0	FUN_14158bfa0	799
2.0/elite/powerplay2/microresource/collect	1425355b0	FUN_1425355b0	3611
2.0/elite/powerplay2/microresource/deliver	1425355b0	FUN_1425355b0	3611
2.0/elite/powerplay2/pledge	142538f80	FUN_142538f80	138
2.0/elite/powerplay2/ship/scan	142daa300	FUN_142daa300	2699
2.0/elite/powerplay2/unpledge	142539070	FUN_142539070	138
2.0/elite/refinery/list	141e88000	FUN_141e88000	2628
2.0/elite/refinery/trade	141e88000	FUN_141e88000	2628
2.0/elite/resources/cqc	1421d9180	FUN_1421d9180	1870
2.0/elite/resources/cqc	1426f3d50	FUN_1426f3d50	531
2.0/elite/resources/dictionary	140a37180	FUN_140a37180	780
2.0/elite/resources/finance	140e84320	FUN_140e84320	485
2.0/elite/resources/finance	141e89ac0	FUN_141e89ac0	4755
2.0/elite/resources/finance	142ce1680	FUN_142ce1680	1842
2.0/elite/resources/finance	14477bd70	FUN_14477bd70	2330
2.0/elite/resources/loadouts	1447150c0	FUN_1447150c0	685
2.0/elite/resources/microresources	141fb38e0	FUN_141fb38e0	325
2.0/elite/resources/permits	1416a0460	FUN_1416a0460	948
2.0/elite/resources/ussregion/list	141c14550	FUN_141c14550	733
2.0/elite/scannable/info	1410d6a40	FUN_1410d6a40	978
2.0/elite/scannable/scan	1410d6a40	FUN_1410d6a40	978
2.0/elite/server/list	141cfd440	FUN_141cfd440	138
2.0/elite/server/list	142201770	FUN_142201770	760
2.0/elite/server/list	1426ed610	FUN_1426ed610	222
2.0/elite/server/list	14348bf60	FUN_14348bf60	5082
2.0/elite/service/limpets	1412e5130	FUN_1412e5130	593
2.0/elite/ship/destroyed/vacant	142537b60	FUN_142537b60	2720
2.0/elite/ship/refuel	141e7e3e0	FUN_141e7e3e0	2546
2.0/elite/ship/refuel	144779b00	FUN_144779b00	2808
2.0/elite/ship/repair	141e7e3e0	FUN_141e7e3e0	2546
2.0/elite/ship/repair	144779b00	FUN_144779b00	2808
2.0/elite/ship/scan	143778020	FUN_143778020	4009
2.0/elite/ship/volatilespawn	141d046a0	FUN_141d046a0	670
2.0/elite/ship/volatilespawn	142535150	FUN_142535150	1117
2.0/elite/shipbundle/starterpacks	1424c9d70	FUN_1424c9d70	2429
2.0/elite/shipyard/bundles/redeem	141e89ac0	FUN_141e89ac0	4755
2.0/elite/shipyard/livery/categories	1424c9d70	FUN_1424c9d70	2429
2.0/elite/shipyard/livery/categories	143dfdc00	FUN_143dfdc00	2964
2.0/elite/shipyard/livery/categories	14477d850	FUN_14477d850	138
2.0/elite/shipyard/livery/featured	14477d8e0	FUN_14477d8e0	138
2.0/elite/shipyard/livery/name	142c56fb0	FUN_142c56fb0	138
2.0/elite/shipyard/livery/name	1447deb40	FUN_1447deb40	2419
2.0/elite/shipyard/livery/order	1424c9d70	FUN_1424c9d70	2429
2.0/elite/shipyard/livery/order	143dfdc00	FUN_143dfdc00	2964
2.0/elite/shipyard/livery/order	144782aa0	FUN_144782aa0	138
2.0/elite/shipyard/modules/store	141f10980	FUN_141f10980	8887
2.0/elite/shipyard/modules/trade	141d01c20	FUN_141d01c20	3183
2.0/elite/shipyard/modules/trade	141e83650	FUN_141e83650	138
2.0/elite/shipyard/modules/transfer	141eead80	FUN_141eead80	6526
2.0/elite/shipyard/prices	141dd4190	FUN_141dd4190	1493
2.0/elite/shipyard/restock	141e496c0	FUN_141e496c0	265
2.0/elite/shipyard/ships/buy	141e89ac0	FUN_141e89ac0	4755
2.0/elite/shipyard/ships/list	141e89ac0	FUN_141e89ac0	4755
2.0/elite/shipyard/ships/list	1425b9370	FUN_1425b9370	880
2.0/elite/shipyard/ships/sell	141d01c20	FUN_141d01c20	3183
2.0/elite/shipyard/ships/sell	141e89ac0	FUN_141e89ac0	4755
2.0/elite/shipyard/ships/swap	141e89ac0	FUN_141e89ac0	4755
2.0/elite/squadron/bank/account/item/transfer	1431d7050	FUN_1431d7050	557
2.0/elite/squadron/bank/account/item/transfer	1431d72d0	FUN_1431d72d0	494
2.0/elite/squadron/bank/account/item/transfer	1431d7500	FUN_1431d7500	537
2.0/elite/squadron/bank/account/permissiongroup/create	1431d57a0	FUN_1431d57a0	495
2.0/elite/squadron/bank/account/permissiongroup/delete	1431d59d0	FUN_1431d59d0	479
2.0/elite/squadron/bank/account/permissiongroup/edit	1431d68f0	FUN_1431d68f0	494
2.0/elite/squadron/bank/commander/deposit/credits	1431d5e50	FUN_1431d5e50	874
2.0/elite/squadron/bank/deposit/commodity	1431d5be0	FUN_1431d5be0	555
2.0/elite/squadron/bank/deposit/credits	1431d5e50	FUN_1431d5e50	874
2.0/elite/squadron/bank/deposit/microresource	1431d6200	FUN_1431d6200	537
2.0/elite/squadron/bank/withdraw/commodity	1431d7770	FUN_1431d7770	555
2.0/elite/squadron/bank/withdraw/microresource	1431d7c10	FUN_1431d7c10	537
2.0/elite/squadron/bank/withdraw/ship/transfer/estimate	1431d6b20	FUN_1431d6b20	571
2.0/elite/squadron/configure	1431f73d0	FUN_1431f73d0	513
2.0/elite/squadron/idcheck	1431a69e0	FUN_1431a69e0	1792
2.0/elite/squadron/info	14325f3e0	FUN_14325f3e0	850
2.0/elite/squadron/info	144708ee0	FUN_144708ee0	5076
2.0/elite/squadron/management/info	14319a040	FUN_14319a040	210
2.0/elite/squadron/management/permissions	1431f6b70	FUN_1431f6b70	586
2.0/elite/squadron/management/ranks	1431f6ee0	FUN_1431f6ee0	586
2.0/elite/squadron/member/apply	143263470	FUN_143263470	662
2.0/elite/squadron/member/delete	1431f00a0	FUN_1431f00a0	609
2.0/elite/squadron/member/delete	1431f0340	FUN_1431f0340	651
2.0/elite/squadron/member/info	143205980	FUN_143205980	471
2.0/elite/squadron/member/join	1431c0750	FUN_1431c0750	609
2.0/elite/squadron/member/kick	1432274d0	FUN_1432274d0	507
2.0/elite/squadron/member/leave	143227e80	FUN_143227e80	614
2.0/elite/squadron/member/list	14325f3e0	FUN_14325f3e0	850
2.0/elite/squadron/member/list	1432848f0	FUN_1432848f0	478
2.0/elite/squadron/member/notes	1431f6360	FUN_1431f6360	516
2.0/elite/squadron/member/reject	14318c1b0	FUN_14318c1b0	280
2.0/elite/squadron/member/reject	1431e6370	FUN_1431e6370	609
2.0/elite/squadron/member/reject	1432623a0	FUN_1432623a0	651
2.0/elite/squadron/member/unblock	14327eba0	FUN_14327eba0	651
2.0/elite/squadron/namecheck	1431a69e0	FUN_1431a69e0	1792
2.0/elite/squadron/news/create	1431c1480	FUN_1431c1480	623
2.0/elite/squadron/news/delete	1431f08d0	FUN_1431f08d0	651
2.0/elite/squadron/news/feats	143199f60	FUN_143199f60	210
2.0/elite/squadron/news/list	14325f3e0	FUN_14325f3e0	850
2.0/elite/squadron/season/leaderboards	1431a2870	FUN_1431a2870	957
2.0/elite/squadron/season/summary	1431a2c30	FUN_1431a2c30	935
2.0/elite/squadron/stats	143204fa0	FUN_143204fa0	455
2.0/elite/starport/news	142d90b00	FUN_142d90b00	889
2.0/elite/starport/owner/livery	14476d560	FUN_14476d560	222
2.0/elite/starsystem	141c09bd0	FUN_141c09bd0	222
2.0/elite/starsystem	14260d130	FUN_14260d130	1404
2.0/elite/starsystem/dailydigest_part	143a2ca00	FUN_143a2ca00	213
2.0/elite/starsystem/factioninfo	141dcfa70	FUN_141dcfa70	138
2.0/elite/starsystem/factioninfo	141e84800	FUN_141e84800	6221
2.0/elite/starsystem/key	141350ae0	FUN_141350ae0	2014
2.0/elite/starsystem/key	14215fd30	FUN_14215fd30	1329
2.0/elite/starsystem/key	1421b4220	FUN_1421b4220	5198
2.0/elite/starsystem/key	142d8e650	FUN_142d8e650	138
2.0/elite/starsystem/marketdata	141dd0240	FUN_141dd0240	1709
2.0/elite/survey/beacon/scan	141dcfc40	FUN_141dcfc40	1163
2.0/elite/survey/body/multiscan	1413842c0	FUN_1413842c0	1377
2.0/elite/survey/body/scan	141384840	FUN_141384840	525
2.0/elite/survey/info	141383b00	FUN_141383b00	1109
2.0/elite/survey/info	141384d80	FUN_141384d80	916
2.0/elite/survey/info/discoveredby	141383f60	FUN_141383f60	857
2.0/elite/survey/info/lite	141384a60	FUN_141384a60	789
2.0/elite/survey/trade/buy	141350ae0	FUN_141350ae0	2014
2.0/elite/survey/trade/buy	142ed2520	FUN_142ed2520	1906
2.0/elite/survey/trade/list/buy	141350ae0	FUN_141350ae0	2014
2.0/elite/survey/trade/list/sell	141350ae0	FUN_141350ae0	2014
2.0/elite/survey/trade/multisell	141350ae0	FUN_141350ae0	2014
2.0/elite/survey/trade/sell	141350ae0	FUN_141350ae0	2014
2.0/elite/synthesis/craft	1425355b0	FUN_1425355b0	3611
2.0/elite/synthesis/recipes	14123e600	FUN_14123e600	316
2.0/elite/taxi/booking	1425ee990	FUN_1425ee990	285
2.0/elite/taxi/booking	1425eeab0	FUN_1425eeab0	264
2.0/elite/taxi/hyperspace	141be1560	FUN_141be1560	1030
2.0/elite/taxi/prices	1425eebc0	FUN_1425eebc0	654
2.0/elite/techbroker/list	141e8b210	FUN_141e8b210	2142
2.0/elite/techbroker/trade	141e8b210	FUN_141e8b210	2142
2.0/elite/user	141d33d20	FUN_141d33d20	501
2.0/elite/user	1424c2880	FUN_1424c2880	251
2.0/elite/user	1424c2a80	FUN_1424c2a80	251
2.0/elite/user	1425dbe90	FUN_1425dbe90	674
2.0/elite/user	1425dc140	FUN_1425dc140	551
2.0/elite/user	144782320	FUN_144782320	943
2.0/elite/user	144889a00	FUN_144889a00	2061
2.0/elite/user/arcs/balance	142531290	FUN_142531290	1249
2.0/elite/user/arcs/redeem	142531290	FUN_142531290	1249
2.0/elite/user/contentgating	141cfb120	FUN_141cfb120	677
2.0/elite/user/favouritegroup	14487c4d0	FUN_14487c4d0	1805
2.0/elite/user/friends	141d9c270	FUN_141d9c270	601
2.0/elite/user/friends	14215f6f0	FUN_14215f6f0	1596
2.0/elite/user/friends	1424c2780	FUN_1424c2780	251
2.0/elite/user/friends	143094ad0	FUN_143094ad0	1567
2.0/elite/user/friends	144708d10	FUN_144708d10	138
2.0/elite/user/ignore	141d9c4d0	FUN_141d9c4d0	531
2.0/elite/user/ignore	14215f6f0	FUN_14215f6f0	1596
2.0/elite/user/ignore	1424c2c80	FUN_1424c2c80	251
2.0/elite/user/ignore	1424e9640	FUN_1424e9640	254
2.0/elite/user/ignore	143094ad0	FUN_143094ad0	1567
2.0/elite/user/ignore	14474a410	FUN_14474a410	299
2.0/elite/user/login	1409ab190	FUN_1409ab190	2556
2.0/elite/user/logout	1409abba0	FUN_1409abba0	484
2.0/elite/user/logout	141d83090	FUN_141d83090	927
2.0/elite/user/namecheck	1424c9d70	FUN_1424c9d70	2429
2.0/elite/user/namecheck	143e02db0	FUN_143e02db0	2114
2.0/elite/user/privategroup	141d1eee0	FUN_141d1eee0	648
2.0/elite/user/privategroup	1424c2980	FUN_1424c2980	251
2.0/elite/user/privategroup	1424c2b80	FUN_1424c2b80	251
2.0/elite/user/privategroup	1424da8c0	FUN_1424da8c0	2136
2.0/elite/user/privategroup	1424f7580	FUN_1424f7580	394
2.0/elite/user/privategroup	14250a8d0	FUN_14250a8d0	290
2.0/elite/user/privategroup	14250f190	FUN_14250f190	290
2.0/elite/user/report	14250a3a0	FUN_14250a3a0	1315
2.0/elite/user/report	14250b600	FUN_14250b600	664
2.0/elite/user/report	144784180	FUN_144784180	5029
2.0/elite/user/search	1424eeb10	FUN_1424eeb10	414
2.0/elite/user/search	1425b9f30	FUN_1425b9f30	1258
2.0/elite/user/textchatlog	142dab8e0	FUN_142dab8e0	444
2.0/elite/user/textchatlog	144715370	FUN_144715370	3593
2.0/elite/user/visitedstars/download	1424ca850	FUN_1424ca850	688
2.0/elite/user/visitedstars/rebuild	1424ca850	FUN_1424ca850	688
2.0/elite/user/visitedstars/status	1424ca850	FUN_1424ca850	688
2.0/elite/vehicle/dock	1424e4fe0	FUN_1424e4fe0	7504
2.0/elite/vehicle/dock	1433baea0	FUN_1433baea0	1713
2.0/elite/vehicle/launch	1424e4fe0	FUN_1424e4fe0	7504
2.0/elite/vehicle/switch	1424e4fe0	FUN_1424e4fe0	7504
2.0/elite/vendors/engineers/applysuitmodification	1419b5b40	FUN_1419b5b40	603
2.0/elite/vendors/engineers/applyweaponmodification	1419b5da0	FUN_1419b5da0	603
2.0/elite/vendors/items	141dd4c00	FUN_141dd4c00	755
2.0/elite/vendors/microresources/buy	1425355b0	FUN_1425355b0	3611
2.0/elite/vendors/microresources/multibuy	1425355b0	FUN_1425355b0	3611
2.0/elite/vendors/microresources/multisell	1425355b0	FUN_1425355b0	3611
2.0/elite/vendors/microresources/trade	1425355b0	FUN_1425355b0	3611
2.0/elite/vendors/personafittables/buy	1425a9140	FUN_1425a9140	701
2.0/elite/vendors/personafittables/equip	14476d640	FUN_14476d640	222
2.0/elite/vendors/personafittables/equip	14477d240	FUN_14477d240	138
2.0/elite/vendors/personafittables/sell	1425a9f30	FUN_1425a9f30	447
2.0/elite/vendors/personafittables/upgrade	1419b6210	FUN_1419b6210	517
2.0/elite/vendors/suits/buy	1425a8eb0	FUN_1425a8eb0	649
2.0/elite/vendors/suits/sell	1425a9d70	FUN_1425a9d70	447
2.0/elite/vendors/suits/upgrade	1419b6000	FUN_1419b6000	517
2.0/elite/vendors/touch	141e2e130	FUN_141e2e130	188
2.0/elite/vessel/disembark	1424c6090	FUN_1424c6090	222
2.0/elite/vessel/disembark	1433db260	FUN_1433db260	1237
2.0/elite/vessel/embark	1424e4fe0	FUN_1424e4fe0	7504
2.0/elite/vessel/embark	142559470	FUN_142559470	229
2.0/elite/voucher/list	141dcfb00	FUN_141dcfb00	138
2.0/elite/voucher/list	141e8ca00	FUN_141e8ca00	2418
2.0/elite/voucher/list	142534600	FUN_142534600	2894
2.0/elite/voucher/redeem	141dd3a10	FUN_141dd3a10	138
2.0/elite/wing/info	1421fb550	FUN_1421fb550	210
2.0/elite/wing/info	14260d130	FUN_14260d130	1404
2.0/elite/wing/invite	14260d130	FUN_14260d130	1404
2.0/elite/wing/join	14260d130	FUN_14260d130	1404
2.0/elite/wing/leader	14260d130	FUN_14260d130	1404
2.0/elite/wing/leave	14260d130	FUN_14260d130	1404
2.0/server/time	1409adcf0	FUN_1409adcf0	476
