StellarForgeGalaxy	14010dc30	FUN_14010dc30	112
StellarForgeInputBasins	1439d7f30	FUN_1439d7f30	4802
StellarForgeInputCommonVariables	1439d7f30	FUN_1439d7f30	4802
StellarForgeInputEjectaCraters	1439d9520	FUN_1439d9520	538
StellarForgeInputMaskVariables	1439d7f30	FUN_1439d7f30	4802
StellarForgeInputMountains	1439d7f30	FUN_1439d7f30	4802
StellarForgeInputSeed	1439da060	FUN_1439da060	1004
StellarForgeInputVolcanoes	1439d7f30	FUN_1439d7f30	4802
StellarForgeManager	1401f4700	FUN_1401f4700	11163
StellarForgeManager	1401f4700	FUN_1401f4700	11163
